{
  "Отримати всіх героїв " : {
    "transaction" : "Отримати всіх героїв ",
    "sampleCount" : 2000,
    "errorCount" : 510,
    "errorPct" : 25.5,
    "meanResTime" : 3287.849500000003,
    "medianResTime" : 219.0,
    "minResTime" : 3.0,
    "maxResTime" : 10850.0,
    "pct1ResTime" : 10456.7,
    "pct2ResTime" : 10516.849999999999,
    "pct3ResTime" : 10754.0,
    "throughput" : 137.6746747435809,
    "receivedKBytesPerSec" : 202.2149219986921,
    "sentKBytesPerSec" : 12.6206266779101
  },
  "Отримати героя за id " : {
    "transaction" : "Отримати героя за id ",
    "sampleCount" : 2000,
    "errorCount" : 0,
    "errorPct" : 0.0,
    "meanResTime" : 456.51699999999977,
    "medianResTime" : 14.0,
    "minResTime" : 2.0,
    "maxResTime" : 3300.0,
    "pct1ResTime" : 2087.2000000000007,
    "pct2ResTime" : 2585.95,
    "pct3ResTime" : 3187.9,
    "throughput" : 141.20304998587972,
    "receivedKBytesPerSec" : 32.40499682293137,
    "sentKBytesPerSec" : 17.512487644733127
  },
  "Total" : {
    "transaction" : "Total",
    "sampleCount" : 10000,
    "errorCount" : 510,
    "errorPct" : 5.1,
    "meanResTime" : 758.2822000000025,
    "medianResTime" : 9.0,
    "minResTime" : 1.0,
    "maxResTime" : 10850.0,
    "pct1ResTime" : 2398.7999999999993,
    "pct2ResTime" : 10045.849999999997,
    "pct3ResTime" : 10516.97,
    "throughput" : 687.9944960440316,
    "receivedKBytesPerSec" : 330.29634825421397,
    "sentKBytesPerSec" : 121.32218567251462
  },
  "Змінити героя " : {
    "transaction" : "Змінити героя ",
    "sampleCount" : 2000,
    "errorCount" : 0,
    "errorPct" : 0.0,
    "meanResTime" : 15.402000000000003,
    "medianResTime" : 8.0,
    "minResTime" : 2.0,
    "maxResTime" : 240.0,
    "pct1ResTime" : 22.90000000000009,
    "pct2ResTime" : 70.0,
    "pct3ResTime" : 165.96000000000004,
    "throughput" : 143.000143000143,
    "receivedKBytesPerSec" : 32.81741562991563,
    "sentKBytesPerSec" : 32.81741562991563
  },
  "Створити героя" : {
    "transaction" : "Створити героя",
    "sampleCount" : 2000,
    "errorCount" : 0,
    "errorPct" : 0.0,
    "meanResTime" : 17.485500000000002,
    "medianResTime" : 11.0,
    "minResTime" : 2.0,
    "maxResTime" : 250.0,
    "pct1ResTime" : 28.0,
    "pct2ResTime" : 60.0,
    "pct3ResTime" : 162.85000000000014,
    "throughput" : 141.54281670205236,
    "receivedKBytesPerSec" : 32.482970629865534,
    "sentKBytesPerSec" : 32.34474522292994
  },
  "Видалити героя " : {
    "transaction" : "Видалити героя ",
    "sampleCount" : 2000,
    "errorCount" : 0,
    "errorPct" : 0.0,
    "meanResTime" : 14.157000000000028,
    "medianResTime" : 7.0,
    "minResTime" : 1.0,
    "maxResTime" : 239.0,
    "pct1ResTime" : 19.0,
    "pct2ResTime" : 60.0,
    "pct3ResTime" : 160.0,
    "throughput" : 143.34862385321102,
    "receivedKBytesPerSec" : 34.857233729931195,
    "sentKBytesPerSec" : 29.817633672591743
  }
}