{
  "Отримати всіх героїв " : {
    "transaction" : "Отримати всіх героїв ",
    "sampleCount" : 20000,
    "errorCount" : 2072,
    "errorPct" : 10.36,
    "meanResTime" : 6530.7814999999655,
    "medianResTime" : 13.0,
    "minResTime" : 1.0,
    "maxResTime" : 74219.0,
    "pct1ResTime" : 22338.800000000003,
    "pct2ResTime" : 45805.9,
    "pct3ResTime" : 66949.94,
    "throughput" : 249.6754219514631,
    "receivedKBytesPerSec" : 317.87643348802806,
    "sentKBytesPerSec" : 27.53900398232298
  },
  "Отримати героя за id " : {
    "transaction" : "Отримати героя за id ",
    "sampleCount" : 20000,
    "errorCount" : 173,
    "errorPct" : 0.865,
    "meanResTime" : 2405.5301500000087,
    "medianResTime" : 13.0,
    "minResTime" : 1.0,
    "maxResTime" : 65152.0,
    "pct1ResTime" : 6800.400000000067,
    "pct2ResTime" : 16949.850000000002,
    "pct3ResTime" : 39197.0,
    "throughput" : 251.14900670567846,
    "receivedKBytesPerSec" : 61.57640198046688,
    "sentKBytesPerSec" : 30.878929795219378
  },
  "Total" : {
    "transaction" : "Total",
    "sampleCount" : 100000,
    "errorCount" : 2245,
    "errorPct" : 2.245,
    "meanResTime" : 1828.5242299999973,
    "medianResTime" : 11.0,
    "minResTime" : 1.0,
    "maxResTime" : 74219.0,
    "pct1ResTime" : 25.0,
    "pct2ResTime" : 2583.5000000000073,
    "pct3ResTime" : 66949.94,
    "throughput" : 1248.2680281109958,
    "receivedKBytesPerSec" : 554.3523083401468,
    "sentKBytesPerSec" : 224.5048691229981
  },
  "Змінити героя " : {
    "transaction" : "Змінити героя ",
    "sampleCount" : 20000,
    "errorCount" : 0,
    "errorPct" : 0.0,
    "meanResTime" : 47.996100000000645,
    "medianResTime" : 12.0,
    "minResTime" : 1.0,
    "maxResTime" : 1519.0,
    "pct1ResTime" : 40.0,
    "pct2ResTime" : 350.0,
    "pct3ResTime" : 704.9900000000016,
    "throughput" : 254.50149519628428,
    "receivedKBytesPerSec" : 58.406104854616025,
    "sentKBytesPerSec" : 58.406104854616025
  },
  "Створити героя" : {
    "transaction" : "Створити героя",
    "sampleCount" : 20000,
    "errorCount" : 0,
    "errorPct" : 0.0,
    "meanResTime" : 112.32194999999999,
    "medianResTime" : 13.0,
    "minResTime" : 1.0,
    "maxResTime" : 12944.0,
    "pct1ResTime" : 44.0,
    "pct2ResTime" : 376.0,
    "pct3ResTime" : 1192.0,
    "throughput" : 252.69116086319298,
    "receivedKBytesPerSec" : 57.99064726840855,
    "sentKBytesPerSec" : 57.74387855662809
  },
  "Видалити героя " : {
    "transaction" : "Видалити героя ",
    "sampleCount" : 20000,
    "errorCount" : 0,
    "errorPct" : 0.0,
    "meanResTime" : 45.991450000000334,
    "medianResTime" : 11.0,
    "minResTime" : 1.0,
    "maxResTime" : 1519.0,
    "pct1ResTime" : 41.0,
    "pct2ResTime" : 359.9500000000007,
    "pct3ResTime" : 679.9100000000144,
    "throughput" : 255.59758715877723,
    "receivedKBytesPerSec" : 62.1521476587261,
    "sentKBytesPerSec" : 53.166294985175334
  }
}