{
  "Отримати всіх героїв " : {
    "transaction" : "Отримати всіх героїв ",
    "sampleCount" : 5466,
    "errorCount" : 2067,
    "errorPct" : 37.815586,
    "meanResTime" : 6666.290340285405,
    "medianResTime" : 7493.5,
    "minResTime" : 8.0,
    "maxResTime" : 13903.0,
    "pct1ResTime" : 10327.0,
    "pct2ResTime" : 10426.65,
    "pct3ResTime" : 10698.66,
    "throughput" : 352.6679140589715,
    "receivedKBytesPerSec" : 1330.1629969070584,
    "sentKBytesPerSec" : 26.984729861603974
  },
  "Отримати героя за id " : {
    "transaction" : "Отримати героя за id ",
    "sampleCount" : 617,
    "errorCount" : 0,
    "errorPct" : 0.0,
    "meanResTime" : 293.0567260940034,
    "medianResTime" : 295.0,
    "minResTime" : 12.0,
    "maxResTime" : 777.0,
    "pct1ResTime" : 496.20000000000005,
    "pct2ResTime" : 540.1,
    "pct3ResTime" : 689.1200000000008,
    "throughput" : 103.41937646664431,
    "receivedKBytesPerSec" : 23.733938935216223,
    "sentKBytesPerSec" : 12.826426573499832
  },
  "Total" : {
    "transaction" : "Total",
    "sampleCount" : 7733,
    "errorCount" : 2067,
    "errorPct" : 26.7296,
    "meanResTime" : 4799.907927065836,
    "medianResTime" : 4437.0,
    "minResTime" : 7.0,
    "maxResTime" : 13903.0,
    "pct1ResTime" : 10285.0,
    "pct2ResTime" : 10396.0,
    "pct3ResTime" : 10670.0,
    "throughput" : 498.93541518807666,
    "receivedKBytesPerSec" : 1364.1818877427575,
    "sentKBytesPerSec" : 55.606599115265496
  },
  "Змінити героя " : {
    "transaction" : "Змінити героя ",
    "sampleCount" : 550,
    "errorCount" : 0,
    "errorPct" : 0.0,
    "meanResTime" : 296.8054545454546,
    "medianResTime" : 265.0,
    "minResTime" : 18.0,
    "maxResTime" : 799.0,
    "pct1ResTime" : 501.0,
    "pct2ResTime" : 550.9499999999992,
    "pct3ResTime" : 735.6400000000003,
    "throughput" : 95.20512376666089,
    "receivedKBytesPerSec" : 21.84883211441925,
    "sentKBytesPerSec" : 21.84883211441925
  },
  "Створити героя" : {
    "transaction" : "Створити героя",
    "sampleCount" : 588,
    "errorCount" : 0,
    "errorPct" : 0.0,
    "meanResTime" : 294.7534013605442,
    "medianResTime" : 265.0,
    "minResTime" : 7.0,
    "maxResTime" : 759.0,
    "pct1ResTime" : 508.70000000000016,
    "pct2ResTime" : 553.0,
    "pct3ResTime" : 715.0,
    "throughput" : 100.23866348448688,
    "receivedKBytesPerSec" : 23.003990155131266,
    "sentKBytesPerSec" : 22.906100835322196
  },
  "Видалити героя " : {
    "transaction" : "Видалити героя ",
    "sampleCount" : 512,
    "errorCount" : 0,
    "errorPct" : 0.0,
    "meanResTime" : 317.1308593750003,
    "medianResTime" : 300.0,
    "minResTime" : 14.0,
    "maxResTime" : 762.0,
    "pct1ResTime" : 515.7,
    "pct2ResTime" : 555.3499999999999,
    "pct3ResTime" : 710.74,
    "throughput" : 92.18581202736767,
    "receivedKBytesPerSec" : 22.41627655743608,
    "sentKBytesPerSec" : 19.175369103348938
  }
}