{
  "Отримати всіх героїв " : {
    "transaction" : "Отримати всіх героїв ",
    "sampleCount" : 3170,
    "errorCount" : 35,
    "errorPct" : 1.104101,
    "meanResTime" : 2531.8138801261844,
    "medianResTime" : 260.0,
    "minResTime" : 157.0,
    "maxResTime" : 15485.0,
    "pct1ResTime" : 9861.8,
    "pct2ResTime" : 10116.0,
    "pct3ResTime" : 10294.29,
    "throughput" : 184.36663952541585,
    "receivedKBytesPerSec" : 883.279596080028,
    "sentKBytesPerSec" : 22.435265390543215
  },
  "Отримати героя за id " : {
    "transaction" : "Отримати героя за id ",
    "sampleCount" : 2421,
    "errorCount" : 0,
    "errorPct" : 0.0,
    "meanResTime" : 274.6051218504748,
    "medianResTime" : 241.0,
    "minResTime" : 156.0,
    "maxResTime" : 947.0,
    "pct1ResTime" : 381.0,
    "pct2ResTime" : 470.9000000000001,
    "pct3ResTime" : 922.0,
    "throughput" : 242.245347208325,
    "receivedKBytesPerSec" : 55.59341464253552,
    "sentKBytesPerSec" : 30.044100679157495
  },
  "Total" : {
    "transaction" : "Total",
    "sampleCount" : 12175,
    "errorCount" : 35,
    "errorPct" : 0.28747433,
    "meanResTime" : 834.4115811088308,
    "medianResTime" : 227.0,
    "minResTime" : 138.0,
    "maxResTime" : 15485.0,
    "pct1ResTime" : 457.0,
    "pct2ResTime" : 9678.199999999999,
    "pct3ResTime" : 10166.0,
    "throughput" : 708.095847388624,
    "receivedKBytesPerSec" : 1005.2103590823834,
    "sentKBytesPerSec" : 124.9187239189543
  },
  "Змінити героя " : {
    "transaction" : "Змінити героя ",
    "sampleCount" : 2195,
    "errorCount" : 0,
    "errorPct" : 0.0,
    "meanResTime" : 222.88564920273362,
    "medianResTime" : 214.0,
    "minResTime" : 157.0,
    "maxResTime" : 392.0,
    "pct1ResTime" : 279.0,
    "pct2ResTime" : 315.0,
    "pct3ResTime" : 379.0,
    "throughput" : 248.415572657311,
    "receivedKBytesPerSec" : 57.009433178191486,
    "sentKBytesPerSec" : 57.009433178191486
  },
  "Створити героя" : {
    "transaction" : "Створити героя",
    "sampleCount" : 2202,
    "errorCount" : 0,
    "errorPct" : 0.0,
    "meanResTime" : 220.32470481380568,
    "medianResTime" : 191.0,
    "minResTime" : 138.0,
    "maxResTime" : 631.0,
    "pct1ResTime" : 415.0,
    "pct2ResTime" : 453.0,
    "pct3ResTime" : 476.0,
    "throughput" : 237.1311651949171,
    "receivedKBytesPerSec" : 54.41974982500539,
    "sentKBytesPerSec" : 54.188176421494724
  },
  "Видалити героя " : {
    "transaction" : "Видалити героя ",
    "sampleCount" : 2187,
    "errorCount" : 0,
    "errorPct" : 0.0,
    "meanResTime" : 225.8358481938729,
    "medianResTime" : 221.0,
    "minResTime" : 158.0,
    "maxResTime" : 314.0,
    "pct1ResTime" : 272.0,
    "pct2ResTime" : 278.0,
    "pct3ResTime" : 305.0,
    "throughput" : 258.84720085217185,
    "receivedKBytesPerSec" : 62.942336925967574,
    "sentKBytesPerSec" : 53.84224002100841
  }
}