{
  "Отримати всіх героїв " : {
    "transaction" : "Отримати всіх героїв ",
    "sampleCount" : 8330,
    "errorCount" : 2223,
    "errorPct" : 26.686674,
    "meanResTime" : 10263.331332533004,
    "medianResTime" : 10308.0,
    "minResTime" : 6.0,
    "maxResTime" : 21297.0,
    "pct1ResTime" : 16207.0,
    "pct2ResTime" : 16402.45,
    "pct3ResTime" : 16723.690000000002,
    "throughput" : 339.8751479048513,
    "receivedKBytesPerSec" : 1411.6672144033823,
    "sentKBytesPerSec" : 30.660054087274062
  },
  "Отримати героя за id " : {
    "transaction" : "Отримати героя за id ",
    "sampleCount" : 1269,
    "errorCount" : 0,
    "errorPct" : 0.0,
    "meanResTime" : 203.92277383766753,
    "medianResTime" : 184.0,
    "minResTime" : 5.0,
    "maxResTime" : 671.0,
    "pct1ResTime" : 378.0,
    "pct2ResTime" : 447.5,
    "pct3ResTime" : 538.5999999999999,
    "throughput" : 104.410070758598,
    "receivedKBytesPerSec" : 23.961295535420437,
    "sentKBytesPerSec" : 12.949295885099556
  },
  "Total" : {
    "transaction" : "Total",
    "sampleCount" : 13207,
    "errorCount" : 2223,
    "errorPct" : 16.831984,
    "meanResTime" : 6548.393806314834,
    "medianResTime" : 8491.0,
    "minResTime" : 4.0,
    "maxResTime" : 21297.0,
    "pct1ResTime" : 16019.0,
    "pct2ResTime" : 16267.0,
    "pct3ResTime" : 16661.84,
    "throughput" : 538.8632747154106,
    "receivedKBytesPerSec" : 1457.9810764668082,
    "sentKBytesPerSec" : 69.7982198503611
  },
  "Змінити героя " : {
    "transaction" : "Змінити героя ",
    "sampleCount" : 1205,
    "errorCount" : 0,
    "errorPct" : 0.0,
    "meanResTime" : 200.93195020746884,
    "medianResTime" : 177.0,
    "minResTime" : 5.0,
    "maxResTime" : 672.0,
    "pct1ResTime" : 378.0,
    "pct2ResTime" : 445.0,
    "pct3ResTime" : 535.94,
    "throughput" : 100.14960106382979,
    "receivedKBytesPerSec" : 22.983551025390625,
    "sentKBytesPerSec" : 22.983551025390625
  },
  "Створити героя" : {
    "transaction" : "Створити героя",
    "sampleCount" : 1242,
    "errorCount" : 0,
    "errorPct" : 0.0,
    "meanResTime" : 202.8011272141707,
    "medianResTime" : 177.0,
    "minResTime" : 4.0,
    "maxResTime" : 671.0,
    "pct1ResTime" : 374.70000000000005,
    "pct2ResTime" : 459.8499999999999,
    "pct3ResTime" : 555.2499999999984,
    "throughput" : 102.823081380909,
    "receivedKBytesPerSec" : 23.59709387159533,
    "sentKBytesPerSec" : 23.496680706184286
  },
  "Видалити героя " : {
    "transaction" : "Видалити героя ",
    "sampleCount" : 1161,
    "errorCount" : 0,
    "errorPct" : 0.0,
    "meanResTime" : 205.26012058570208,
    "medianResTime" : 191.0,
    "minResTime" : 5.0,
    "maxResTime" : 661.0,
    "pct1ResTime" : 367.0,
    "pct2ResTime" : 435.0,
    "pct3ResTime" : 539.7599999999998,
    "throughput" : 97.45656006043818,
    "receivedKBytesPerSec" : 23.69793306157139,
    "sentKBytesPerSec" : 20.27172587194661
  }
}