{
  "Отримати всіх героїв " : {
    "transaction" : "Отримати всіх героїв ",
    "sampleCount" : 3248,
    "errorCount" : 43,
    "errorPct" : 1.3238916,
    "meanResTime" : 2982.8965517241377,
    "medianResTime" : 161.0,
    "minResTime" : 110.0,
    "maxResTime" : 15787.0,
    "pct1ResTime" : 10204.0,
    "pct2ResTime" : 14825.55,
    "pct3ResTime" : 15742.51,
    "throughput" : 185.14507210853333,
    "receivedKBytesPerSec" : 780.6728467194893,
    "sentKBytesPerSec" : 22.479919875448896
  },
  "Отримати героя за id " : {
    "transaction" : "Отримати героя за id ",
    "sampleCount" : 2433,
    "errorCount" : 0,
    "errorPct" : 0.0,
    "meanResTime" : 151.27373612823715,
    "medianResTime" : 141.0,
    "minResTime" : 77.0,
    "maxResTime" : 567.0,
    "pct1ResTime" : 179.0,
    "pct2ResTime" : 219.29999999999973,
    "pct3ResTime" : 295.3199999999997,
    "throughput" : 246.25506072874495,
    "receivedKBytesPerSec" : 56.513612569585014,
    "sentKBytesPerSec" : 30.5413991333502
  },
  "Total" : {
    "transaction" : "Total",
    "sampleCount" : 12799,
    "errorCount" : 43,
    "errorPct" : 0.33596376,
    "meanResTime" : 871.6424720681301,
    "medianResTime" : 146.0,
    "minResTime" : 34.0,
    "maxResTime" : 15787.0,
    "pct1ResTime" : 269.0,
    "pct2ResTime" : 9745.0,
    "pct3ResTime" : 14899.0,
    "throughput" : 729.5787493587186,
    "receivedKBytesPerSec" : 907.4234002700508,
    "sentKBytesPerSec" : 129.8214120304395
  },
  "Змінити героя " : {
    "transaction" : "Змінити героя ",
    "sampleCount" : 2382,
    "errorCount" : 0,
    "errorPct" : 0.0,
    "meanResTime" : 155.05037783375298,
    "medianResTime" : 143.0,
    "minResTime" : 34.0,
    "maxResTime" : 586.0,
    "pct1ResTime" : 182.0,
    "pct2ResTime" : 205.0,
    "pct3ResTime" : 484.0,
    "throughput" : 249.26747593135204,
    "receivedKBytesPerSec" : 57.20493832408958,
    "sentKBytesPerSec" : 57.20493832408958
  },
  "Створити героя" : {
    "transaction" : "Створити героя",
    "sampleCount" : 2417,
    "errorCount" : 0,
    "errorPct" : 0.0,
    "meanResTime" : 154.5829540752998,
    "medianResTime" : 143.0,
    "minResTime" : 43.0,
    "maxResTime" : 502.0,
    "pct1ResTime" : 180.0,
    "pct2ResTime" : 249.0999999999999,
    "pct3ResTime" : 377.82000000000016,
    "throughput" : 251.29964649615306,
    "receivedKBytesPerSec" : 57.67130559237887,
    "sentKBytesPerSec" : 57.42589578134747
  },
  "Видалити героя " : {
    "transaction" : "Видалити героя ",
    "sampleCount" : 2319,
    "errorCount" : 0,
    "errorPct" : 0.0,
    "meanResTime" : 153.8154376886588,
    "medianResTime" : 143.0,
    "minResTime" : 64.0,
    "maxResTime" : 363.0,
    "pct1ResTime" : 182.0,
    "pct2ResTime" : 219.0,
    "pct3ResTime" : 330.0,
    "throughput" : 243.64362260979198,
    "receivedKBytesPerSec" : 59.24537307601386,
    "sentKBytesPerSec" : 50.679776968638365
  }
}